FIRSTNAME,LASTNAME,STATE,PA,CITY,ZIP
JASMINE,ROYAL,Florida,FL,Miami,33152
TONY,BAIRD,California,CA,Fremont,94537
ANGELIA,ROSE,Arizona,AZ,Mesa,85201
HERMAN,MATOS,Nevada,NV,NorthLasVegas,89030
JOEL,FINLEY,California,CA,Riverside,92507
CLETUS,AVALOS,California,CA,Inglewood,90301
THELMA,MATTINGLY,California,CA,Corona,91718
ANNIE,OTT,Washington,WA,Seattle,98108
DONTE,BUSCH,Ohio,OH,Toledo,43601
MAE,CABRERA,Kansas,KS,Wichita,67276
TISHA,CARDWELL,Massachusetts,MA,Boston,2205
MILISSA,LE,Texas,TX,CorpusChristi,78469
MIRIAM,MEAD,Nevada,NV,LasVegas,89199
DEWITT,TISDALE,Texas,TX,Waco,76702
ROBBIE,DENT,California,CA,RanchoCucamonga,91729
TANIA,DEJESUS,California,CA,SantaRosa,95402
MYRTLE,FARMER,NewJersey,NJ,Elizabeth,7208
DARIA,GOODRICH,South Carolina,SC,Columbia,29201
EUGENIO,STANLEY,Michigan,MI,GrandRapids,49501
MOISES,RUSSO,California,CA,Fullerton,92834
MELANIE,ADAIR,NewJersey,NJ,Paterson,7510
ESSIE,SPAIN,Florida,FL,CoralSprings,33075
LOLITA,MEADE,Virginia,VA,Norfolk,23707
VALORIE,MACE,California,CA,Pasadena,91103
ERWIN,NAPIER,Indiana,IN,SouthBend,46624
PATRICIA,LARA,Nebraska,NE,Lincoln,68501
YOLONDA,LAWRENCE,California,CA,Fresno,93706
LEE,PRATER,Oklahoma,OR,Portland,97208
CASEY,CISNEROS,Pennsylvania,PA,Erie,16515
TEDDY,BRAVO,California,CA,Torrance,90503
BARRY,HERRING,Connecticut,CT,Hartford,6101
ROXANNA,PARKS,Connecticut,CT,Waterbury,6702
ALICIA,NIEVES,California,CA,Glendale,91205
HERSHEL,BURGE,Kansas,KS,OverlandPark,66204
MITCH,BIGGS,Texas,TX,Dallas,75260
PAULINE,ALVAREZ,Colorado,CO,Denver,80202
MAXINE,WHITTEN,Kentucky,KY,Lexington-Fayette,40511
SAMMIE,RODGERS,California,CA,ElMonte,91734
SHIRLEY,GOSS,North Carolina,NC,Raleigh,27613
JOEY,GOOCH,Illinois,IL,Rockford,61125
EDWARD,GULLEY,California,CA,Fullerton,92834
KAITLYN,FORTE,California,CA,Antioch,94509
WINONA,POLLARD,California,CA,Pasadena,91103
VICKY,POWER,Michigan,MI,SterlingHeights,48311
PILAR,GARLAND,Texas,TX,Brownsville,78520
HORTENSE,CARD,California,CA,Fontana,92335
NIKITA,RUBIN,Texas,TX,FortWorth,76161
MARCY,HIMES,Pennsylvania,PA,Allentown,18101
MITCHELL,ROSARIO,Missouri,MO,KansasCity,64108
WILLA,PEOPLES,Connecticut,CT,Hartford,6101
KATRINA,ROSSI,Connecticut,CT,Stamford,6904
LASHAWN,GEARY,Texas,TX,Lubbock,79402
ORPHA,SINCLAIR,North Carolina,NC,Durham,27701
RONALD,PUTNAM,California,CA,Fremont,94537
RHONDA,STAPLES,California,CA,Hayward,94544
JONATHAN,ELLSWORTH,Texas,TX,Mesquite,75149
BEAU,FRAZIER,Texas,TX,Irving,75061
LAMAR,ATWELL,Ohio,OH,Akron,44309
MAURO,ROSEN,NewYork,NY,NewYork,10199
NYDIA,REECE,Missouri,MO,KansasCity,64108
DANIEL,GRIMM,Illinois,IL,Peoria,61601
BENTON,GEARY,Florida,FL,Tallahassee,32301
ALMA,CHRISTENSEN,California,CA,Pomona,91769
GEMMA,BEGLEY,California,CA,Salinas,93907
HOLLI,OCONNELL,Rhode Island,RI,Providence,2904
LYNN,FRANK,California,CA,Burbank,91505
BENITA,LEHMAN,Illinois,IL,Springfield,62703
AGNES,CADY,Texas,TX,Abilene,79604
ARDIS,COCKRELL,Texas,TX,Mesquite,75149
ELISA,MERCHANT,California,CA,Ontario,91761
EMIL,REDDING,Indiana,IN,FortWayne,46802
CHARLIE,QUEEN,Illinois,IL,Peoria,61601
JANET,BIGELOW,Missouri,MO,Independence,64052
HAI,CHASTAIN,Tennessee,TN,Knoxville,37950
HOLLI,AMMONS,California,CA,Hayward,94544
MATTHEW,DANNER,Alabama,AL,Birmingham,35203
HOLLIE,BATTS,Illinois,IL,Rockford,61125
ROSLYN,EASTER,Michigan,MI,GrandRapids,49501
CRISTOPHER,TILLERY,Idaho,ID,BoiseCity,83708
GENARO,BESS,Georgia,GA,Atlanta,30304
TENA,PARROTT,Texas,TX,Mesquite,75149
LACY,KAMINSKI,NewJersey,NJ,Elizabeth,7208
MICHEAL,SHOEMAKER,NewYork,NY,NewYork,10199
LAUREN,BOURQUE,Illinois,IL,Aurora,60505
CHASTITY,PAGAN,California,CA,Burbank,91505
ROWENA,ESTES,Missouri,MO,St.Louis,63155
NORBERT,TAPIA,Massachusetts,MA,Cambridge,2139
HETTIE,FRANCO,California,CA,SanDiego,92199
CHARLEEN,LADNER,California,CA,Inglewood,90301
MARANDA,KAHN,NewYork,NY,Rochester,14692
LISA,ALONSO,Texas,TX,Lubbock,79402
YASMIN,VO,Rhode Island,RI,Providence,2904
GALE,FERRARO,Texas,TX,Garland,75040
WILFRED,EPPERSON,California,CA,Fremont,94537
MONTE,BAGWELL,California,CA,Pomona,91769
MICKEY,VICKERS,Pennsylvania,PA,Erie,16515
LATOSHA,WALTON,Texas,TX,Lubbock,79402
SHAYNE,BLACKWELL,Washington,WA,Tacoma,98413
MORGAN,RICE,Texas,TX,Lubbock,79402
MARK,MARTINO,Texas,TX,SanAntonio,78284
KASEY,JOYNER,California,CA,ChulaVista,91910
RUPERT,WALDROP,Florida,FL,Miramar,33023
GEORGE,BASSETT,Louisiana,LA,BatonRouge,70826
GLEN,ZIELINSKI,California,CA,Sacramento,95813
ISIAH,COMSTOCK,California,CA,Pasadena,91103
STACIA,JACOBSON,NewYork,NY,Rochester,14692
KATE,OLIVAREZ,California,CA,ThousandOaks,91362
WALLY,BRASWELL,California,CA,SanJose,95101
CANDELARIA,ISOM,Utah,UT,SaltLakeCity,84199
MARCELO,MAULDIN,California,CA,Sunnyvale,94086
ALDA,SOWELL,California,CA,DalyCity,94015
LEANDRO,BORDERS,Texas,TX,Brownsville,78520
CARY,DORMAN,California,CA,Vallejo,94590
DEIDRE,STANFORD,Nevada,NV,Henderson,89015
KERMIT,SAENZ,NewJersey,NJ,Elizabeth,7208
ENRIQUETA,SPAULDING,Virginia,VA,Richmond,23232
CONNIE,MCCOLLUM,California,CA,Orange,92863
MANUAL,SHIN,Kansas,KS,OverlandPark,66204
STACEY,MARROQUIN,North Carolina,NC,Cary,27511
MOSES,MALDONADO,Kentucky,KY,Louisville,40231
TESSIE,KRAUSE,Texas,TX,Mesquite,75149
RASHAD,OKEEFE,NewYork,NY,Rochester,14692
CARSON,MERRITT,Nebraska,NE,Omaha,68108
SONIA,BOGGS,Florida,FL,Miramar,33023
DEVIN,DELVALLE,Missouri,MO,St.Louis,63155
ROBYN,INMAN,Arizona,AZ,Scottsdale,85251
LUISA,MAXEY,Kentucky,KY,Louisville,40231
TRICIA,CRIST,Florida,FL,Tallahassee,32301
LOU,HSU,Illinois,IL,Rockford,61125
ALBA,RAMEY,California,CA,Orange,92863
JOAQUIN,WINSTEAD,Alabama,AL,Montgomery,36119
ALEXANDRA,TIERNEY,California,CA,Ontario,91761
MARIA,MERCIER,Iowa,IA,DesMoines,50318
MARCUS,PICKENS,Colorado,CO,Westminster,80030
SHANON,OTERO,Oklahoma,OK,Tulsa,74107
IMOGENE,MATLOCK,Florida,FL,Gainesville,32601
RODRIGO,STEED,Nebraska,NE,Lincoln,68501
CASSIE,ATKINSON,Wisconsin,WI,Madison,53714
CHERI,ESPINAL,Arizona,AZ,Chandler,85225
MAGGIE,BERNAL,Ohio,OH,Columbus,43216
DOYLE,NILES,Rhode Island,RI,Providence,2904
JAMIE,JACOBSEN,Alabama,AL,Montgomery,36119
ARIANA,HARKINS,California,CA,SantaClarita,91355
HUNTER,YAZZIE,California,CA,Burbank,91505
RENAE,SKELTON,California,CA,Torrance,90503
JODIE,WHITMORE,California,CA,GardenGrove,92842
ISAAC,ELLSWORTH,Louisiana,LA,BatonRouge,70826
LANA,MATTHEW,Arizona,AZ,Chandler,85225
KYLIE,SALISBURY,Texas,TX,Carrollton,75006
CRYSTAL,CATHEY,Pennsylvania,PA,Philadelphia,19104
KRAIG,HILLMAN,Tennessee,TN,Knoxville,37950
PILAR,HOGAN,Massachusetts,MA,Springfield,1101
RILEY,MAYS,Oklahoma,OR,Salem,97309
CASANDRA,SOLIS,Kansas,KS,OverlandPark,66204
CHARLIE,AGUILAR,Texas,TX,SanAntonio,78284
SARA,ORNELAS,California,CA,Norwalk,90650
WYATT,CORDERO,California,CA,SantaClara,95050
DEXTER,CONTI,Texas,TX,Irving,75061
GARLAND,HAMMOND,California,CA,SantaClara,95050
ADRIAN,STUCKEY,NewJersey,NJ,Paterson,7510
ESTEBAN,GRECO,California,CA,Fontana,92335
INGRID,OLIVA,Tennessee,TN,Memphis,38101
MELINDA,DICKERSON,California,CA,Berkeley,94704
GOLDIE,PARENT,California,CA,Fairfield,94533
GERALDINE,TABOR,California,CA,CostaMesa,92628
LISA,BOLLINGER,NewJersey,NJ,Paterson,7510
CHERLY,PERRYMAN,Arizona,AZ,Gilberttown,85296
NEAL,ANDERSON,Louisiana,LA,BatonRouge,70826
WINONA,ELDRIDGE,Tennessee,TN,Memphis,38101
ROYAL,JONES,Virginia,VA,Richmond,23232
JARRED,MARX,California,CA,Torrance,90503
NATALIA,MCCAIN,Wisconsin,WI,Madison,53714
GARNET,WOFFORD,Arizona,AZ,Tempe,85282
AMADO,NOBLE,California,CA,Oxnard,93030
DON,HARRY,Oklahoma,OR,Salem,97309
JOHNNIE,SEWARD,Tennessee,TN,Memphis,38101
PEARL,CHURCH,California,CA,HuntingtonBeach,92647
KATINA,CHRISTENSON,California,CA,DalyCity,94015
KEELY,BAGLEY,Colorado,CO,Westminster,80030
JOEL,STOWE,Florida,FL,Tallahassee,32301
DEANDRE,BEST,NewJersey,NJ,Paterson,7510
FRIEDA,KILPATRICK,Florida,FL,Jacksonville,32203
ABIGAIL,WARREN,Illinois,IL,Aurora,60505
CECELIA,BLALOCK,Connecticut,CT,NewHaven,6511
CLAIRE,SOARES,Virginia,VA,ArlingtonCDP,23320
CATRINA,DONNELLY,California,CA,ChulaVista,91910
SHIRLEY,WELLER,Oklahoma,OK,OklahomaCity,73125
COLEEN,FULTZ,Iowa,IA,CedarRapids,52401
JANET,CARRIER,Indiana,IN,Evansville,47708
NORMA,JARVIS,North Carolina,NC,Durham,27701
JEWEL,CALVERT,California,CA,Roseville,95661
CEDRICK,CRANDALL,Connecticut,CT,Stamford,6904
KARI,CHEEK,Tennessee,TN,Nashville-Davidson6,37230
DARLENE,HATFIELD,Louisiana,LA,Shreveport,71102
JENNI,KELLY,Texas,TX,Garland,75040
MARK,GARVEY,California,CA,Palmdale,93550
ROSALEE,POLLARD,California,CA,Fresno,93706
CLARICE,KIMBALL,Texas,TX,McAllen,78501
KATIE,LOPES,South Dakota,SD,SiouxFalls,57104
JERROLD,ROARK,California,CA,Riverside,92507
STACEY,SPEAR,California,CA,LosAngeles,90052
NIGEL,GEE,Alabama,AL,Birmingham,35203
TORI,WALLIS,Missouri,MO,KansasCity,64108
LUCRETIA,STJOHN,Nevada,NV,LasVegas,89199
FAY,BRUNS,Arizona,AZ,Peoria,85381
LINA,BOYD,Alabama,AL,Huntsville,35813
GALEN,SILVA,Michigan,MI,Warren,48090
SCOTTIE,GRIFFITH,Ohio,OH,Cleveland,44101
ALTAGRACIA,CARRANZA,Virginia,VA,Richmond,23232
DEANGELO,HAWTHORNE,Florida,FL,Miramar,33023
PRESTON,HARDER,California,CA,SanDiego,92199
RACHAEL,ZAVALA,California,CA,SanDiego,92199
VENESSA,BENAVIDES,Kentucky,KY,Lexington-Fayette,40511
DENIS,HOLMAN,Oklahoma,OR,Salem,97309
CALLIE,MESSER,California,CA,Pasadena,91103
JACKLYN,WOODWARD,Florida,FL,CoralSprings,33075
ROSS,LARSEN,North Carolina,NC,Charlotte,28228
RITA,FARROW,Oklahoma,OK,Norman,73019
CORTNEY,PALMER,Virginia,VA,Hampton,23607
BECKY,BURT,Alabama,AL,Birmingham,35203
LORRAINE,WILBURN,Louisiana,LA,NewOrleans,70113
FRANCINE,DYE,Florida,FL,Tampa,33630
RODRIGO,CRANDALL,NewMexico,NM,Albuquerque,87101
FORREST,ZAVALA,Wisconsin,WI,Milwaukee,53203
ELOUISE,MCELROY,Michigan,MI,GrandRapids,49501
GREGORIA,PICKARD,California,CA,Oxnard,93030
OTIS,LUTZ,Pennsylvania,PA,Pittsburgh,15290
ATHENA,BARKSDALE,Indiana,IN,SouthBend,46624
KEELY,WICKER,NewYork,NY,Buffalo,14240
WELDON,MALLORY,California,CA,Torrance,90503
LEN,MOULTON,Alaska,AK,Anchorage,99599
BENNIE,NEAL,Oklahoma,OR,Salem,97309
KRISTI,WILCOX,Texas,TX,Mesquite,75149
DEIRDRE,MONTAGUE,Illinois,IL,Naperville,60540
LAVON,SAVAGE,Massachusetts,MA,Springfield,1101
MYRON,MACHADO,South Carolina,SC,Columbia,29201
TOBIAS,MUNCY,Florida,FL,PortSt.Lucie,34952
ERWIN,OUELLETTE,Texas,TX,CorpusChristi,78469
RICHELLE,CASE,Ohio,OH,Columbus,43216
CRISTOPHER,VAUGHAN,Michigan,MI,Detroit,48233
FORREST,STRAIN,Louisiana,LA,Lafayette,70509
SALVATORE,FREITAS,Oklahoma,OK,Norman,73019
KRISTOFER,KEYES,Virginia,VA,VirginiaBeach,23450
TRISTAN,KING,Indiana,IN,Evansville,47708
CHERIE,MCGOWAN,Kentucky,KY,Louisville,40231
MOSE,HENSLEY,Arizona,AZ,Mesa,85201
GUADALUPE,HARPER,California,CA,Ontario,91761
CARLA,HAMEL,Louisiana,LA,BatonRouge,70826
NATALIE,DYE,California,CA,Visalia,93277
MALISSA,GIL,California,CA,Irvine,92619
CONRAD,CONNELLY,Michigan,MI,SterlingHeights,48311
LELAND,FREITAS,Kansas,KS,Topeka,66603
JIM,HAMBLIN,Arizona,AZ,Gilberttown,85296
VIKKI,LUNDY,Oklahoma,OR,Portland,97208
TENA,HAWLEY,Nebraska,NE,Lincoln,68501
ARMANDO,BLANKENSHIP,Nebraska,NE,Lincoln,68501
JIMMY,PAZ,Arizona,AZ,Gilberttown,85296
JOSE,MACON,Texas,TX,ElPaso,79910
JONATHON,FULTON,Georgia,GA,Atlanta,30304
ADDIE,LARA,Iowa,IA,CedarRapids,52401
MYRTLE,PRADO,Virginia,VA,Alexandria,22314
MAGDALENE,DANIELS,California,CA,Pomona,91769
LUTHER,RAWLINGS,Ohio,OH,Cincinnati,45225
CARISSA,PACE,California,CA,SantaRosa,95402
KING,DEVINE,Connecticut,CT,Waterbury,6702
SHIRLEE,DOBSON,Texas,TX,Houston,77201
ROSIE,MORAN,NewHampshire,NH,Manchester,3103
ROOSEVELT,ABNEY,Kansas,KS,OverlandPark,66204
RONNA,RUFF,North Carolina,NC,Fayetteville,28302
LAWERENCE,TEMPLETON,North Carolina,NC,Greensboro,27420
JAMISON,MANNING,Missouri,MO,St.Louis,63155
ROSS,LEDESMA,Texas,TX,Waco,76702
WES,GRIMM,North Carolina,NC,Durham,27701
CLAIR,BOUDREAU,North Carolina,NC,Greensboro,27420
GIL,KURTZ,Florida,FL,Clearwater,33990
REUBEN,HELMS,California,CA,Ontario,91761
MARCELO,KOPP,Massachusetts,MA,Lowell,1853
BENJAMIN,ANAYA,Ohio,OH,Akron,44309
CONRAD,MCKENNA,Michigan,MI,Warren,48090
VALORIE,TEMPLE,Kansas,KS,Topeka,66603
BILLIE,VANG,Texas,TX,ElPaso,79910
HAYLEY,HARTLEY,Utah,UT,SaltLakeCity,84199
LYNDON,NAVARRO,Missouri,MO,KansasCity,64108
EDWARD,MANCUSO,Florida,FL,Tampa,33630
OMA,CARPENTER,California,CA,Ontario,91761
TISHA,CASWELL,Virginia,VA,Richmond,23232
ARLEEN,MCARTHUR,Illinois,IL,Chicago,60607
HAYWOOD,ANDRADE,Missouri,MO,Springfield,65801
TASHA,SAMPSON,California,CA,ElkGrove,95624
HARLAND,BROWNING,Colorado,CO,Westminster,80030
JESSE,WILLEY,Missouri,MO,Springfield,65801
ALEXANDER,MCGOWAN,Nevada,NV,LasVegas,89199
NORBERTO,LOUIS,California,CA,Oakland,94612
EMIL,BATES,Arizona,AZ,Tempe,85282
EUSEBIO,VICKERY,California,CA,SanJose,95101
JANNIE,QUALLS,Alabama,AL,Mobile,36601
VICTOR,ONEAL,Idaho,ID,BoiseCity,83708
LUANN,BLUM,North Carolina,NC,Greensboro,27420
DARLA,ROBISON,Tennessee,TN,Clarksville,37043
SHERWOOD,QUINONES,California,CA,HuntingtonBeach,92647
ADELINE,VELAZQUEZ,Texas,TX,Killeen,76541
LEONE,GUINN,Missouri,MO,Springfield,65801
RICKIE,LANDRY,California,CA,ElkGrove,95624
BILLIE,MILLIGAN,California,CA,Antioch,94509
ROCCO,HOWLAND,California,CA,ElkGrove,95624
CHARLIE,MONSON,Indiana,IN,SouthBend,46624
JEREMIAH,LANGFORD,Utah,UT,SaltLakeCity,84199
DONA,BERRY,Alabama,AL,Mobile,36601
RODGER,GENTILE,Connecticut,CT,Waterbury,6702
AARON,WHITLEY,Colorado,CO,Thornton,80221
GUSTAVO,BULLOCK,Pennsylvania,PA,Erie,16515
ELOY,MEZA,Arkansas,AR,LittleRock,72202
LUELLA,HAZEL,Maryland,MD,Baltimore,21202
LINDSEY,MORAN,Texas,TX,Beaumont,77707
DERRICK,COSBY,Washington,WA,Seattle,98108
KAITLYN,LANHAM,Colorado,CO,Westminster,80030
CHLOE,CANADA,California,CA,Fullerton,92834
RACHAEL,OWENS,Colorado,CO,FortCollins,80525
CLAUDETTE,EMERY,Alabama,AL,Huntsville,35813
FRANCIS,CANTRELL,Louisiana,LA,BatonRouge,70826
LORETTA,ABRAHAM,California,CA,Orange,92863
CHARLOTTE,COURTNEY,Minnesota,MN,St.Paul,55109
GENA,WARDEN,Texas,TX,Amarillo,79120
GOLDA,SMALLEY,Texas,TX,Mesquite,75149
RENE,SYLVESTER,Pennsylvania,PA,Pittsburgh,15290
ALBINA,FRANZ,Pennsylvania,PA,Philadelphia,19104
PAULINE,ANGLIN,Louisiana,LA,BatonRouge,70826
LONNY,WRAY,California,CA,Fairfield,94533
NUMBERS,BEATTIE,NewHampshire,NH,Manchester,3103
JOSETTE,RING,Arizona,AZ,Tempe,85282
DUSTY,MCCLELLAND,NewYork,NY,Yonkers,10701
CARL,CRABTREE,Arizona,AZ,Peoria,85381
NICOLAS,DIAS,California,CA,Orange,92863
MARYLOU,KAHN,Nevada,NV,Henderson,89015
LASHONDA,DICKERSON,Florida,FL,Miramar,33023
EDUARDO,JOSEPH,Wisconsin,WI,Madison,53714
NEIL,CORDERO,NewHampshire,NH,Manchester,3103
CYRIL,IVORY,NewJersey,NJ,Elizabeth,7208
RONA,GEE,California,CA,Concord,94520
ANDRIA,BAXTER,Michigan,MI,Warren,48090
PAT,WITT,Texas,TX,Amarillo,79120
KARL,GADDIS,Virginia,VA,Chesapeake,23670
CINDY,VALENTIN,Wisconsin,WI,Madison,53714
CRAIG,ROCKWELL,Connecticut,CT,NewHaven,6511
AUDRA,SHARP,Mississippi,MS,Jackson,39205
LATONIA,BEATTY,Florida,FL,Jacksonville,32203
GUADALUPE,THURMAN,California,CA,Fresno,93706
LISE,HAN,Arizona,AZ,Glendale,85302
WALLY,PINSON,Florida,FL,CapeCoral,33909
DERRICK,MCGINNIS,Texas,TX,CorpusChristi,78469
SAMMIE,HO,Virginia,VA,ArlingtonCDP,23320
MYLES,RIDLEY,Texas,TX,FortWorth,76161
BARRY,CASTRO,Connecticut,CT,Stamford,6904
TABATHA,ARNOLD,Texas,TX,Killeen,76541
CARLA,HARDISON,California,CA,Burbank,91505
MATTIE,TOLER,Illinois,IL,Springfield,62703
ASHTON,LAND,Florida,FL,Gainesville,32601
MARIANO,VANCE,Georgia,GA,Atlanta,30304
SHERI,WETZEL,California,CA,SanBernardino,92401
SHANE,WEIR,California,CA,Escondido,92025
ROBERTA,CHASE,Texas,TX,SanAntonio,78284
DONOVAN,GRIGSBY,NewYork,NY,NewYork,10199
GRACIE,MCCARTER,California,CA,Oakland,94612
RAFAEL,SHULER,NewJersey,NJ,JerseyCity,7302
PATTI,BROUGHTON,Michigan,MI,Detroit,48233
RAMONA,GRANGER,Tennessee,TN,Knoxville,37950
KYLA,KOPP,California,CA,Fresno,93706
JANEEN,COLBURN,Louisiana,LA,Lafayette,70509
SIDNEY,TAN,Utah,UT,SaltLakeCity,84199
RAYMOND,GULLEY,California,CA,ThousandOaks,91362
INGEBORG,LOCKHART,California,CA,SanJose,95101
SHANE,DEJESUS,Ohio,OH,Toledo,43601
ROSALINDA,LECLAIR,Arizona,AZ,Tempe,85282
ELAINE,HIGH,California,CA,Modesto,95350
DARLA,BANDY,Maryland,MD,Baltimore,21202
SHAYNE,MALCOLM,Florida,FL,CapeCoral,33909
REUBEN,WASHBURN,NewJersey,NJ,Newark,7102
DOUGLASS,DAVIDSON,Texas,TX,Houston,77201
VIDA,COSTA,Kansas,KS,KansasCity,66106
ARDITH,PACKARD,Texas,TX,Arlington,76004
DARIO,DAY,California,CA,GardenGrove,92842
KRYSTAL,HAMLIN,Oklahoma,OR,Eugene,97401
HARLAND,SHEPHERD,Georgia,GA,Columbus,31908
CASANDRA,BARBER,Ohio,OH,Toledo,43601
MARJORY,MARQUEZ,Virginia,VA,Chesapeake,23670
RALPH,LEMIEUX,Colorado,CO,Pueblo,81003
PENNY,TIDWELL,Texas,TX,Garland,75040
CHRISTA,FULTON,Florida,FL,Hollywood,33022
CARIDAD,DELGADO,California,CA,Downey,90241
EDWIN,METZ,NewYork,NY,Syracuse,13220
ALPHONSE,ROBLES,North Carolina,NC,Cary,27511
LEONA,DEWITT,Tennessee,TN,Nashville-Davidson6,37230
JAMIE,DUBE,Florida,FL,Tampa,33630
BRICE,AKINS,Florida,FL,Gainesville,32601
TOMMIE,WADSWORTH,Texas,TX,Amarillo,79120
BERNITA,HARDESTY,California,CA,SantaAna,92711
DORIS,DELUCA,Oklahoma,OK,OklahomaCity,73125
JESICA,BOURQUE,Texas,TX,CorpusChristi,78469
MARVIN,MANLEY,Arizona,AZ,Gilberttown,85296
AGNES,CHISOLM,Arizona,AZ,Tempe,85282
LORETTA,BUFORD,Minnesota,MN,St.Paul,55109
MAYNARD,TYSON,Florida,FL,Tallahassee,32301
LELAND,CHASE,California,CA,Modesto,95350
META,NOBLES,Washington,WA,Spokane,99201
STEVIE,TRIPLETT,NewYork,NY,Rochester,14692
SUN,CLANCY,Washington,WA,Bellevue,98009
KATHRINE,YEAGER,Florida,FL,PortSt.Lucie,34952
NORMAN,WILHELM,Arizona,AZ,Tucson,85726
CORAL,BENSON,Texas,TX,Carrollton,75006
AMY,CHRISTIE,Ohio,OH,Akron,44309
META,DION,Florida,FL,Clearwater,33990
VIOLETA,PATEL,California,CA,Hayward,94544
HANNA,SHOOK,Kansas,KS,Olathe,66051
GRAIG,GEORGE,Illinois,IL,Joliet,60436
CINTHIA,MARCUM,Mississippi,MS,Jackson,39205
BARRETT,WISE,Texas,TX,Irving,75061
IVY,DOWELL,Florida,FL,St.Petersburg,33730
PRESTON,PYLE,Texas,TX,Waco,76702
NYDIA,MCKEE,California,CA,Fremont,94537
ERMA,GASKINS,Texas,TX,Dallas,75260
REYNA,HITCHCOCK,Virginia,VA,ArlingtonCDP,23320
CECIL,CAGLE,California,CA,Burbank,91505
IRVING,MCINTYRE,Virginia,VA,Alexandria,22314
SHANTE,BECK,Oklahoma,OR,Salem,97309
EMILIO,BYRNES,Virginia,VA,Chesapeake,23670
CHARLEY,SORENSON,Arizona,AZ,Tempe,85282
HARRIET,ARTEAGA,Texas,TX,GrandPrairie,75051
JEANNIE,BARNHILL,NewYork,NY,Yonkers,10701
RIGOBERTO,BUTTS,Pennsylvania,PA,Pittsburgh,15290
JOHNATHON,BARNETT,South Carolina,SC,Columbia,29201
DORRIS,TAFT,Utah,UT,WestValleyCity,84199
NATALIE,LUCAS,California,CA,LosAngeles,90052
DEON,HANNON,Massachusetts,MA,Cambridge,2139
LORINE,DALE,Missouri,MO,St.Louis,63155
KARLA,BEAULIEU,Texas,TX,Waco,76702
KATE,GARRISON,Florida,FL,St.Petersburg,33730
BENNY,NORRIS,California,CA,LosAngeles,90052
CLARENCE,VARNER,Connecticut,CT,Stamford,6904
SYDNEY,ASHER,Oklahoma,OR,Eugene,97401
AUDREY,DAVISON,Massachusetts,MA,Lowell,1853
MELONIE,MONROE,Nevada,NV,LasVegas,89199
JACQULINE,ASH,Illinois,IL,Joliet,60436
SANTIAGO,LEAR,Pennsylvania,PA,Pittsburgh,15290
LUCIE,SEYMOUR,NewHampshire,NH,Manchester,3103
FRANCIS,TOTH,Michigan,MI,Flint,48502
ANNMARIE,MATOS,Illinois,IL,Naperville,60540
MAX,BRYANT,Wisconsin,WI,Madison,53714
ROWENA,COLLIER,Oklahoma,OK,Norman,73019
LORENZA,BURT,South Dakota,SD,SiouxFalls,57104
MALINDA,FORTIN,California,CA,Inglewood,90301
STUART,MCGILL,South Carolina,SC,Columbia,29201
EUSEBIO,TUBBS,Texas,TX,McAllen,78501
SEAN,STEVENSON,Indiana,IN,Evansville,47708
BEAU,GOINS,Texas,TX,Houston,77201
EVANGELINA,HAMPTON,Massachusetts,MA,Boston,2205
BELINDA,JACOBSON,Texas,TX,ElPaso,79910
ANDREA,RAWLINGS,California,CA,SimiValley,93065
PHOEBE,KOWALSKI,Louisiana,LA,BatonRouge,70826
DANITA,NIETO,Tennessee,TN,Knoxville,37950
VALENTINA,TEMPLE,NewJersey,NJ,Elizabeth,7208
WAYLON,DUDLEY,California,CA,RanchoCucamonga,91729
MIKEL,BERMUDEZ,Missouri,MO,KansasCity,64108
ERIN,LAVIGNE,Arkansas,AR,LittleRock,72202
ROXANE,MCADAMS,Texas,TX,CorpusChristi,78469
ROBERT,ANDRADE,Connecticut,CT,Bridgeport,6602
JEROLD,GILMORE,California,CA,Visalia,93277
RICHARD,NAVA,Tennessee,TN,Memphis,38101
GEORGINA,HILLS,Arizona,AZ,Mesa,85201
CHRIS,PREWITT,NewJersey,NJ,Paterson,7510
IMELDA,HICKS,Utah,UT,SaltLakeCity,84199
LESTER,DYKES,California,CA,Fremont,94537
ROSELLA,MCKINNEY,Texas,TX,Killeen,76541
KELLEY,HOLLINS,Florida,FL,Jacksonville,32203
ELENOR,HAMMOND,Illinois,IL,Aurora,60505
XAVIER,WILHELM,California,CA,Orange,92863
IRA,COLEY,California,CA,SanDiego,92199
KYONG,WYLIE,Alabama,AL,Birmingham,35203
GERARD,BOYCE,Texas,TX,FortWorth,76161
HERB,MARSHALL,Illinois,IL,Springfield,62703
MILFORD,PELLETIER,Arkansas,AR,LittleRock,72202
MITZI,HOANG,Georgia,GA,Columbus,31908
PABLO,MCMILLAN,Arizona,AZ,Gilberttown,85296
WESLEY,CALLAHAN,North Carolina,NC,Durham,27701
GAYLE,LOW,California,CA,Hayward,94544
JOHNIE,PERSON,California,CA,Sacramento,95813
NEVA,NEUMAN,Oklahoma,OR,Portland,97208
ALYCIA,JARRELL,Nebraska,NE,Lincoln,68501
BRUCE,HOFF,Virginia,VA,Portsmouth,23702
GRANVILLE,OUTLAW,Florida,FL,PompanoBeach,33060
LLOYD,DOVE,California,CA,Fairfield,94533
STARR,DOCKERY,Arizona,AZ,Glendale,85302
DAVINA,MARLOW,California,CA,Pomona,91769
RUBEN,DANIELSON,California,CA,LosAngeles,90052
JERMAINE,PRITCHARD,Michigan,MI,Warren,48090
ISSAC,DRISCOLL,Louisiana,LA,Shreveport,71102
EMILY,SPANGLER,California,CA,Sacramento,95813
STEPHANIE,MICHAEL,Pennsylvania,PA,Philadelphia,19104
JODY,PFEIFFER,Alabama,AL,Birmingham,35203
OTHA,BOYD,North Carolina,NC,Fayetteville,28302
KISHA,HARRISON,Michigan,MI,Lansing,48924
ABRAM,KEEN,California,CA,SanFrancisco,94188
JILL,EARLY,California,CA,SantaClarita,91355
RUBEN,BRINK,Florida,FL,Hollywood,33022
WALTON,YOUNG,Virginia,VA,Norfolk,23707
FELICIA,REAGAN,Arizona,AZ,Mesa,85201
SUNG,ISRAEL,Idaho,ID,BoiseCity,83708
MARCELINO,DAVIS,Texas,TX,Abilene,79604
JEFF,ECHOLS,Texas,TX,ElPaso,79910
ALEXIS,MCNEIL,California,CA,Inglewood,90301
TODD,SALES,California,CA,DalyCity,94015
NANNIE,HENDRIX,Texas,TX,Mesquite,75149
STACEY,STEWART,Utah,UT,SaltLakeCity,84199
CLEMENT,WOMACK,Oklahoma,OK,OklahomaCity,73125
DEVIN,LEMAY,California,CA,Sunnyvale,94086
JEAN,SALTER,Colorado,CO,Arvada,80004
NEREIDA,HOUCK,Virginia,VA,Alexandria,22314
CARMEN,HERRMANN,Kansas,KS,KansasCity,66106
HARLAND,MULLIGAN,Kansas,KS,KansasCity,66106
ALANA,LANEY,Alabama,AL,Birmingham,35203
ANTOINETTE,ECKERT,California,CA,Lancaster,93534
LORINE,PROCTOR,California,CA,MorenoValley,92553
MERLE,HIDALGO,California,CA,Oakland,94612
MARIETTA,BARCLAY,Florida,FL,Hollywood,33022
ESMERALDA,PONDER,NewYork,NY,Syracuse,13220
BRANDY,HIGGINBOTHAM,Texas,TX,Arlington,76004
JUNE,RYAN,NewJersey,NJ,JerseyCity,7302
RUSTY,JACOBS,Texas,TX,Amarillo,79120
EDNA,PURVIS,Texas,TX,Beaumont,77707
MITCHELL,WOMACK,Colorado,CO,Lakewood,80202
SANTA,POWELL,Mississippi,MS,Jackson,39205
ERMA,MCGOVERN,Nevada,NV,LasVegas,89199
MAJORIE,ROYAL,NewYork,NY,Rochester,14692
NEIL,COUSINS,Texas,TX,ElPaso,79910
CLAIRE,LAWRENCE,Oklahoma,OR,Eugene,97401
VINCE,LITTLE,Kansas,KS,Wichita,67276
ERASMO,CHRISTIANSON,California,CA,CostaMesa,92628
MONROE,REICH,NewYork,NY,NewYork,10199
ERIK,KRAUS,California,CA,Glendale,91205
LOURDES,MICHAELS,Washington,WA,Tacoma,98413
ROSALBA,MANCUSO,NewYork,NY,Rochester,14692
INGA,HEARN,California,CA,Hayward,94544
BERNARDO,APPLEGATE,California,CA,ThousandOaks,91362
BOOKER,BURDICK,Arizona,AZ,Phoenix,85026
SAMMIE,PRATT,California,CA,Bakersfield,93380
JAMES,KEELER,California,CA,Downey,90241
ALFREDA,GOSSETT,California,CA,Fairfield,94533
SANFORD,DOUGLAS,Virginia,VA,NewportNews,23501
LEAH,RAYMOND,California,CA,Sunnyvale,94086
DEON,KINDER,Arizona,AZ,Peoria,85381
LELIA,TRAVIS,NewJersey,NJ,Paterson,7510
ROCHELLE,CROUSE,California,CA,Escondido,92025
LATOSHA,CAVAZOS,Utah,UT,SaltLakeCity,84199
LOUIS,GOETZ,Tennessee,TN,Knoxville,37950
HAILEY,CRUTCHFIELD,California,CA,HuntingtonBeach,92647
ROSS,SWAFFORD,Ohio,OH,Cincinnati,45225
LILY,LILES,Tennessee,TN,Nashville-Davidson6,37230
MAN,FENNELL,California,CA,Burbank,91505
MIQUEL,WYATT,NewYork,NY,Rochester,14692
TAMMI,CLIFTON,Connecticut,CT,Stamford,6904
KEVIN,TUCKER,California,CA,Antioch,94509
LOURDES,MCCANN,Texas,TX,Dallas,75260
BURTON,QUICK,Texas,TX,Beaumont,77707
CHONG,PEPPER,Florida,FL,Jacksonville,32203
DOTTIE,PINSON,California,CA,ElMonte,91734
TRENTON,LINDQUIST,Pennsylvania,PA,Pittsburgh,15290
NOREEN,DEATON,NewYork,NY,Yonkers,10701
ELMA,CREECH,NewJersey,NJ,Newark,7102
SILAS,SCHAEFER,Texas,TX,SanAntonio,78284
IRIS,CRAIG,Nevada,NV,Reno,89510
LADONNA,KIDD,Florida,FL,CapeCoral,33909
RODGER,MIDDLETON,California,CA,Fullerton,92834
ERMA,SNEAD,Florida,FL,Tallahassee,32301
TERESITA,COMBS,Nevada,NV,NorthLasVegas,89030
TRACY,BECKMAN,Iowa,IA,CedarRapids,52401
ELOY,DANNER,North Carolina,NC,Charlotte,28228
PILAR,ALSTON,Louisiana,LA,Lafayette,70509
BEATRICE,TEAGUE,Arizona,AZ,Chandler,85225
CORINNE,STERN,California,CA,WestCovina,91793
MONIQUE,DELLINGER,Virginia,VA,Norfolk,23707
KRISTOPHER,RANSOM,California,CA,SanJose,95101
NORBERTO,RUBIN,California,CA,Berkeley,94704
MANUAL,LAFLEUR,Kansas,KS,Olathe,66051
BECKY,NESBITT,NewYork,NY,Buffalo,14240
MARYANNE,PONCE,Georgia,GA,Savannah,31402
BENJAMIN,SOLIZ,Nevada,NV,Reno,89510
LYNDON,FELIX,Colorado,CO,FortCollins,80525
DARELL,NORTH,South Carolina,SC,Charleston,29401
NAN,PORTER,Massachusetts,MA,Boston,2205
GISELA,OCONNOR,Connecticut,CT,NewHaven,6511
CHERYL,CHISHOLM,California,CA,SanDiego,92199
HEIDI,SCHWARZ,North Carolina,NC,Winston-Salem,27102
ROSANNE,PARRIS,North Carolina,NC,Fayetteville,28302
DENISE,CAPPS,California,CA,Fullerton,92834
MAUDE,SANDOVAL,Michigan,MI,SterlingHeights,48311
NAKIA,SEALS,Illinois,IL,Aurora,60505
ANDRES,BYRNE,Ohio,OH,Dayton,45401
SID,ROBLES,Kentucky,KY,Louisville,40231
RASHAD,MCGRATH,Florida,FL,St.Petersburg,33730
ELVA,PARRIS,Kansas,KS,Topeka,66603
LIZETTE,CRAIG,California,CA,Concord,94520
RENATA,MATTSON,Virginia,VA,Richmond,23232
GROVER,PEPPER,California,CA,SanDiego,92199
EVONNE,STEPP,Alabama,AL,Birmingham,35203
ROSA,GLEASON,Florida,FL,PompanoBeach,33060
DEAN,NUNEZ,California,CA,SanDiego,92199
SHERRIE,LINTON,North Carolina,NC,Greensboro,27420
LYDIA,MIXON,Arizona,AZ,Gilberttown,85296
PHILLIP,EGGLESTON,Missouri,MO,KansasCity,64108
MATTIE,SPENCE,California,CA,Fullerton,92834
CECILIA,MCCLELLAN,Nevada,NV,LasVegas,89199
OTIS,MAJORS,Texas,TX,Amarillo,79120
JACQULINE,SHERRILL,California,CA,LosAngeles,90052
LUPE,HURST,California,CA,Fairfield,94533
KEELY,WHATLEY,Indiana,IN,FortWayne,46802
FRANKLIN,DEVLIN,NewJersey,NJ,Elizabeth,7208
GUADALUPE,BURGE,California,CA,SanBernardino,92401
KELSEY,CRESPO,California,CA,Hayward,94544
MARCELLUS,WHITWORTH,Nevada,NV,Reno,89510
RANDY,CHEATHAM,California,CA,WestCovina,91793
CATALINA,RIVAS,California,CA,GardenGrove,92842
MADELEINE,NAYLOR,Arizona,AZ,Tucson,85726
RUSTY,PORTER,California,CA,Orange,92863
SHERI,GIFFORD,Illinois,IL,Joliet,60436
ANNETTA,SHEETS,Texas,TX,Denton,76201
TRINIDAD,COMBS,Massachusetts,MA,Springfield,1101
VIRGINA,BARCLAY,Connecticut,CT,Bridgeport,6602
ESTELLA,GANNON,Arizona,AZ,Tempe,85282
HILARIO,DIAL,Florida,FL,Hialeah,33010
FELTON,DICK,California,CA,GardenGrove,92842
LEOPOLDO,DONNELLY,California,CA,Hayward,94544
VONDA,HENDRICKSON,Alabama,AL,Mobile,36601
BRAIN,MADISON,California,CA,SantaClarita,91355
ADELL,WELDON,California,CA,RanchoCucamonga,91729
KAY,GIRARD,California,CA,SimiValley,93065
NONA,FAUST,Alabama,AL,Birmingham,35203
DENIS,OLEARY,Minnesota,MN,St.Paul,55109
CAROLINA,HOOKS,NewJersey,NJ,JerseyCity,7302
ANTWAN,WRAY,Georgia,GA,Columbus,31908
ALVARO,WAHL,California,CA,Oceanside,92054
JANIE,SADLER,Oklahoma,OR,Eugene,97401
ALYCIA,ARMSTEAD,Utah,UT,SaltLakeCity,84199
HAL,MURRY,Missouri,MO,St.Louis,63155
VENUS,DONALDSON,California,CA,Stockton,95208
SHERYL,MOSES,Mississippi,MS,Jackson,39205
ERWIN,TRUJILLO,California,CA,ElMonte,91734
ARLENE,ZIMMERMAN,Texas,TX,Laredo,78041
CHRISTY,VAUGHAN,NewHampshire,NH,Manchester,3103
TIFFANIE,YBARRA,Pennsylvania,PA,Pittsburgh,15290
HERMINIA,LANDRUM,Tennessee,TN,Memphis,38101
CEDRICK,MCCLENDON,Indiana,IN,FortWayne,46802
ALICE,WEINSTEIN,Virginia,VA,VirginiaBeach,23450
GRISELDA,SYKES,Colorado,CO,Denver,80202
KAYE,FOOTE,California,CA,Sacramento,95813
STAN,CHESTNUT,California,CA,Berkeley,94704
RENE,CORBIN,NewJersey,NJ,Paterson,7510
DAVID,BEACH,Arizona,AZ,Peoria,85381
CLEMENT,MOJICA,California,CA,Vallejo,94590
IDA,TIJERINA,California,CA,Pasadena,91103
DELOIS,MCCOY,NewJersey,NJ,JerseyCity,7302
NITA,MCADAMS,Florida,FL,Clearwater,33990
LASHANDA,MCLAIN,Michigan,MI,Detroit,48233
VICTORIA,SHAFER,Ohio,OH,Akron,44309
OLIN,DONNELLY,Texas,TX,Arlington,76004
LUELLA,CONN,Indiana,IN,Evansville,47708
JENNA,COSBY,Virginia,VA,Alexandria,22314
ZOE,CRAIN,Rhode Island,RI,Providence,2904
DARON,BOOTH,Texas,TX,Arlington,76004
SUSAN,ESCOBAR,Virginia,VA,Alexandria,22314
TYRELL,PAPPAS,Florida,FL,PompanoBeach,33060
JENNIFER,RAGLAND,Virginia,VA,Chesapeake,23670
MILAGROS,LEMIEUX,Indiana,IN,FortWayne,46802
ANTIONE,JOSEPH,Michigan,MI,SterlingHeights,48311
EUSEBIO,LONDON,Florida,FL,St.Petersburg,33730
MARVA,TOBIN,Wisconsin,WI,Milwaukee,53203
MAYA,BACON,Oklahoma,OK,OklahomaCity,73125
DEIDRE,BEAVERS,Nevada,NV,LasVegas,89199
EMILIO,HURST,Michigan,MI,Detroit,48233
CARIDAD,PRINGLE,California,CA,Fresno,93706
HARLEY,MCKEE,Washington,WA,Bellevue,98009
ELENOR,MIXON,Texas,TX,Pasadena,77501
MINNIE,LOFTON,California,CA,LongBeach,90802
HILDA,GIORDANO,California,CA,DalyCity,94015
AMOS,WRIGHT,Texas,TX,Lubbock,79402
LEILANI,BARNHILL,South Carolina,SC,Columbia,29201
LETA,VARNEY,California,CA,ChulaVista,91910
KISHA,BARBEE,Florida,FL,CapeCoral,33909
LAURETTE,PAINE,Illinois,IL,Joliet,60436
JAZMIN,MARCUS,California,CA,SantaRosa,95402
JONAS,CALLOWAY,Nebraska,NE,Lincoln,68501
EDGAR,MAESTAS,Ohio,OH,Toledo,43601
TONEY,ODOM,Maryland,MD,Baltimore,21202
ELISEO,MARRERO,Hawaii,HI,Honolulu,96820
JESSIE,REYNOSO,North Carolina,NC,Raleigh,27613
ROSS,ANDREW,Pennsylvania,PA,Philadelphia,19104
NOVA,MAIER,California,CA,Oakland,94612
KIRK,DIX,California,CA,Vallejo,94590
PAULINA,PAULEY,Ohio,OH,Columbus,43216
OLIVIA,NICHOLS,California,CA,GardenGrove,92842
FARRAH,VINSON,Florida,FL,St.Petersburg,33730
RODRICK,NORMAN,California,CA,Fairfield,94533
DEBBY,PEARSON,Illinois,IL,Springfield,62703
ETHELYN,ROCHE,North Carolina,NC,Greensboro,27420
ROBIN,WANG,Kansas,KS,Olathe,66051
KAYE,STRINGER,California,CA,SantaClarita,91355
ALVIN,HOLLEY,Arizona,AZ,Phoenix,85026
ARMIDA,STUART,Florida,FL,Clearwater,33990
TESSA,SAMS,Connecticut,CT,Hartford,6101
DEBBIE,GEIGER,Louisiana,LA,Shreveport,71102
KRISTINE,KILPATRICK,North Carolina,NC,Durham,27701
GORDON,BRITT,Texas,TX,Laredo,78041
EDNA,KIM,California,CA,Lancaster,93534
FLOSSIE,MAY,Virginia,VA,ArlingtonCDP,23320
BENNY,WADSWORTH,Utah,UT,WestValleyCity,84199
CARLOS,DENTON,Illinois,IL,Joliet,60436
NEDRA,AREVALO,Virginia,VA,ArlingtonCDP,23320
MOHAMMAD,RAINES,Michigan,MI,Detroit,48233
BRAIN,OVERSTREET,Texas,TX,Pasadena,77501
IAN,COFFIN,Florida,FL,PembrokePines,33024
LEILA,SHANNON,Alabama,AL,Birmingham,35203
EZEQUIEL,ROUSH,Oklahoma,OK,Tulsa,74107
MARISSA,ARCHER,Michigan,MI,AnnArbor,48104
STEPHEN,DENSON,Texas,TX,Plano,75074
GAYLE,BRITT,California,CA,Berkeley,94704
MAXWELL,RYAN,Utah,UT,SaltLakeCity,84199
DAVINA,LEVINE,Arizona,AZ,Mesa,85201
LAURENCE,CHANCE,Texas,TX,Waco,76702
MINERVA,BENEDICT,Illinois,IL,Rockford,61125
EVIE,MANLEY,Texas,TX,Amarillo,79120
VALENTIN,CRAWLEY,Arizona,AZ,Tempe,85282
NIGEL,GOLDSMITH,Minnesota,MN,Minneapolis,55401
ANIBAL,GALLANT,Florida,FL,PembrokePines,33024
DIANNA,MEADOR,Colorado,CO,FortCollins,80525
CAREN,AREVALO,California,CA,Pasadena,91103
GEORGIE,QUICK,California,CA,Vallejo,94590
AUDRY,HOWELL,Texas,TX,GrandPrairie,75051
AVIS,BLAKE,Indiana,IN,Indianapolis,46206
BOBBI,MYLES,Colorado,CO,Thornton,80221
KELLEY,SHULTZ,NewJersey,NJ,Elizabeth,7208
OMAR,WILBANKS,California,CA,Visalia,93277
JULES,SPRAGUE,Wisconsin,WI,Milwaukee,53203
JILL,FAGAN,California,CA,Concord,94520
ALPHONSO,PHIPPS,NewJersey,NJ,Elizabeth,7208
SOCORRO,MIRANDA,Nevada,NV,LasVegas,89199
MATTHEW,SOLIZ,California,CA,Stockton,95208
MYRA,MCNEAL,Virginia,VA,ArlingtonCDP,23320
BOYD,MORLEY,Texas,TX,McAllen,78501
ROSARIO,WEAVER,Virginia,VA,ArlingtonCDP,23320
SAMUAL,ALLISON,Texas,TX,McAllen,78501
QUINTIN,BELLAMY,North Carolina,NC,Greensboro,27420
ASA,BEGLEY,Colorado,CO,Lakewood,80202
YONG,MONTANEZ,North Carolina,NC,Charlotte,28228
AUDREY,LINDBERG,Colorado,CO,Pueblo,81003
IKE,BABCOCK,Texas,TX,ElPaso,79910
CLAUDIA,NAVA,South Dakota,SD,SiouxFalls,57104
CARMEN,RUST,Oklahoma,OK,Norman,73019
DEIDRA,BIRD,Alabama,AL,Mobile,36601
MICHELL,GRIGSBY,Florida,FL,PortSt.Lucie,34952
FAWN,ASHFORD,Colorado,CO,ColoradoSprings,80903
CARLOTTA,ALLISON,Florida,FL,Gainesville,32601
HAYDEE,OLVERA,California,CA,Oxnard,93030
CORY,KREBS,California,CA,Salinas,93907
EDISON,VAIL,Colorado,CO,ColoradoSprings,80903
LELAND,KNOTT,Michigan,MI,Detroit,48233
SHERRILL,MAGEE,Virginia,VA,NewportNews,23501
MARSHA,MCCLURE,Virginia,VA,ArlingtonCDP,23320
TOMAS,NGUYEN,Colorado,CO,ColoradoSprings,80903
KAMI,SAUCIER,California,CA,Oxnard,93030
LESLIE,WALLACE,Connecticut,CT,Waterbury,6702
ELMO,COTTON,Oklahoma,OK,Tulsa,74107
MARION,MCGHEE,California,CA,Palmdale,93550
CARSON,DELAROSA,California,CA,SantaClarita,91355
VIOLET,BOUCHER,California,CA,Roseville,95661
FREDRIC,DOBBINS,California,CA,Pasadena,91103
HERMELINDA,HADLEY,California,CA,Glendale,91205
GILBERTO,AQUINO,California,CA,Lancaster,93534
TANNER,CHANEY,Ohio,OH,Dayton,45401
LOWELL,NOONAN,Michigan,MI,AnnArbor,48104
GRISELDA,GANT,Georgia,GA,Columbus,31908
LAVERN,WANG,Nevada,NV,LasVegas,89199
WENDI,FENNELL,NewYork,NY,Syracuse,13220
JACQULINE,COON,Kansas,KS,KansasCity,66106
JAYNE,LOCKETT,Texas,TX,McAllen,78501
ELEANOR,HOOD,Colorado,CO,Pueblo,81003
VAN,SHOOK,Connecticut,CT,NewHaven,6511
LAWANDA,BERGMAN,Virginia,VA,Portsmouth,23702
LEIGH,CANADA,South Carolina,SC,Columbia,29201
JANICE,CORDERO,Oklahoma,OR,Salem,97309
DOVIE,DOVE,Illinois,IL,Rockford,61125
CURT,HAWKS,California,CA,Richmond,94801
GERTRUDE,CHANEY,Virginia,VA,Chesapeake,23670
SAMUEL,PAINTER,California,CA,MorenoValley,92553
LUCIANO,SAYLOR,Minnesota,MN,Minneapolis,55401
ROSALBA,WYLIE,Kentucky,KY,Louisville,40231
TOMMIE,SEGURA,Florida,FL,Clearwater,33990
SUMMER,SHIRLEY,Pennsylvania,PA,Allentown,18101
IVA,BATCHELOR,California,CA,Berkeley,94704
NOBLE,CRENSHAW,Iowa,IA,CedarRapids,52401
ROBBIN,MILTON,Texas,TX,ElPaso,79910
MISSY,ISRAEL,Texas,TX,Beaumont,77707
CINDI,COLBURN,Florida,FL,PompanoBeach,33060
CLINTON,BEHRENS,Louisiana,LA,Lafayette,70509
MILLIE,TALBERT,Kansas,KS,KansasCity,66106
ALONSO,BUTLER,Illinois,IL,Peoria,61601
RUSSEL,CROSBY,Kentucky,KY,Lexington-Fayette,40511
OK,MARSHALL,Texas,TX,Brownsville,78520
ANDREAS,AUSTIN,Texas,TX,Denton,76201
CHARMAINE,BERNSTEIN,California,CA,Pomona,91769
PERRY,HARTLEY,Arizona,AZ,Glendale,85302
ISIAH,LOGSDON,NewJersey,NJ,Elizabeth,7208
JOSEPH,INMAN,California,CA,LosAngeles,90052
LYNN,WESTON,Tennessee,TN,Knoxville,37950
ISIAH,MCLEAN,Florida,FL,CapeCoral,33909
DELMA,HAHN,NewJersey,NJ,Paterson,7510
VENUS,MCLAUGHLIN,Virginia,VA,ArlingtonCDP,23320
MAYRA,CLEMONS,California,CA,Pomona,91769
ARACELI,BURNETTE,Illinois,IL,Aurora,60505
IVORY,VALENTIN,Washington,WA,Seattle,98108
CLAUDINE,SHERMAN,California,CA,MorenoValley,92553
ANTOINE,MCMILLIAN,Nebraska,NE,Omaha,68108
LACEY,WORKMAN,Colorado,CO,Arvada,80004
JULIANA,SIKES,North Carolina,NC,Durham,27701
FARRAH,CORNISH,Texas,TX,Dallas,75260
ANTOINETTE,WHITTEN,Virginia,VA,VirginiaBeach,23450
PANSY,ENGLE,South Carolina,SC,Charleston,29401
AMBER,AUSTIN,California,CA,SanJose,95101
PHILOMENA,HIMES,Maryland,MD,Baltimore,21202
LILLY,WANG,California,CA,Concord,94520
FRAN,FINNEY,Colorado,CO,ColoradoSprings,80903
MATILDA,LAIRD,Texas,TX,Brownsville,78520
PEARLINE,ISBELL,Minnesota,MN,St.Paul,55109
NORRIS,MARCUS,NewJersey,NJ,Elizabeth,7208
MOSHE,SHIPLEY,North Carolina,NC,Winston-Salem,27102
JEANE,CROWELL,Oklahoma,OK,Norman,73019
CHRISTINE,CRABTREE,Texas,TX,Irving,75061
JENIFER,MEJIA,Tennessee,TN,Nashville-Davidson6,37230
JAYME,LOVETT,Ohio,OH,Cleveland,44101
PHUONG,GREGORY,Colorado,CO,Lakewood,80202
ALYCE,DONAHUE,Alabama,AL,Huntsville,35813
TERRELL,GLENN,Oklahoma,OK,OklahomaCity,73125
MAY,SUMNER,California,CA,ThousandOaks,91362
BEAU,GRIFFITHS,Colorado,CO,Arvada,80004
RUFUS,STANFORD,Tennessee,TN,Knoxville,37950
REINA,RUFFIN,California,CA,Ontario,91761
CRISTOPHER,SAAVEDRA,California,CA,ThousandOaks,91362
JEANNETTE,LANGLEY,California,CA,ChulaVista,91910
PORFIRIO,BURNETTE,Connecticut,CT,Bridgeport,6602
MARICELA,MYLES,Rhode Island,RI,Providence,2904
RICK,FRIEDMAN,Kansas,KS,Wichita,67276
QUINTIN,GRANGER,California,CA,Bakersfield,93380
ILA,AVERY,Alabama,AL,Birmingham,35203
MARGUERITE,MCCORD,North Carolina,NC,Greensboro,27420
WILLY,RHOADS,Louisiana,LA,NewOrleans,70113
KEISHA,MOELLER,California,CA,Sunnyvale,94086
CHERRY,JONES,Colorado,CO,Lakewood,80202
SYBLE,SWENSON,Kansas,KS,Olathe,66051
MADELINE,BLUE,Alabama,AL,Montgomery,36119
SHERRI,CASH,Ohio,OH,Columbus,43216
DOROTHY,CALHOUN,Louisiana,LA,Lafayette,70509
OPAL,RUTHERFORD,Indiana,IN,FortWayne,46802
MAXWELL,SOMMERS,Alaska,AK,Anchorage,99599
EARLE,CAVE,Colorado,CO,ColoradoSprings,80903
THEDA,ALBRIGHT,Pennsylvania,PA,Pittsburgh,15290
ILA,PORTILLO,Florida,FL,CapeCoral,33909
OCTAVIO,ENGEL,Florida,FL,CapeCoral,33909
TOSHA,WASHBURN,California,CA,Lancaster,93534
FAITH,BROWER,Indiana,IN,SouthBend,46624
MICHELLE,FLORENCE,Pennsylvania,PA,Pittsburgh,15290
NANCI,PAPPAS,Kansas,KS,OverlandPark,66204
CLEVELAND,NOBLES,Virginia,VA,Chesapeake,23670
ROLANDO,BOUDREAU,Michigan,MI,Detroit,48233
CLYDE,STAPLES,California,CA,SanDiego,92199
DENNIS,TIDWELL,Oklahoma,OR,Portland,97208
CAMERON,INGRAM,Missouri,MO,Springfield,65801
LUCY,SHORT,Colorado,CO,FortCollins,80525
GROVER,BLEVINS,California,CA,Riverside,92507
SHAYNE,SHAVER,California,CA,Fairfield,94533
TIFFANY,SINCLAIR,Minnesota,MN,St.Paul,55109
HARRISON,BLALOCK,Wisconsin,WI,GreenBay,54303
LIONEL,COULTER,Florida,FL,CapeCoral,33909
ADELA,BRANNON,California,CA,Hayward,94544
KENDRA,BUNDY,California,CA,Berkeley,94704
JERRI,HENLEY,Michigan,MI,Detroit,48233
BETSY,GARVIN,California,CA,ElkGrove,95624
OLETA,THOMAS,Illinois,IL,Joliet,60436
LETTIE,RICHARD,Ohio,OH,Dayton,45401
DAVID,DO,Wisconsin,WI,GreenBay,54303
ERNESTO,GADDY,California,CA,MorenoValley,92553
DELMA,KIRKLAND,California,CA,Visalia,93277
ANTWAN,WILKINSON,Arizona,AZ,Chandler,85225
GEORGIANA,MORROW,Texas,TX,Amarillo,79120
KASEY,SHIN,Texas,TX,GrandPrairie,75051
IOLA,MARIN,Nevada,NV,Reno,89510
SHIRLEE,LONG,California,CA,Antioch,94509
ERNESTINA,PARRA,California,CA,ElMonte,91734
BERTA,TATE,Colorado,CO,Thornton,80221
PABLO,TRIPLETT,Missouri,MO,St.Louis,63155
JIMMY,BENTON,Nevada,NV,Henderson,89015
MARILYN,CANTU,Missouri,MO,KansasCity,64108
JEAN,WASHBURN,Texas,TX,GrandPrairie,75051
TOMMIE,GILCHRIST,Florida,FL,Gainesville,32601
IMA,ALONZO,Kansas,KS,Topeka,66603
TERRA,CUMMINS,South Carolina,SC,Charleston,29401
WINFRED,ULRICH,Alaska,AK,Anchorage,99599
KATHERINE,ALFARO,Alabama,AL,Huntsville,35813
GILBERT,YOUNG,Ohio,OH,Akron,44309
SANDY,JEAN,Virginia,VA,Hampton,23607
MARISOL,MCNAIR,Connecticut,CT,Hartford,6101
KRISTOPHER,SHEPHERD,Illinois,IL,Rockford,61125
FAUSTINO,GUINN,North Carolina,NC,Raleigh,27613
LISSETTE,BOWIE,Florida,FL,Hollywood,33022
ETHELYN,BOLDEN,California,CA,Sacramento,95813
GUY,MARQUIS,California,CA,Riverside,92507
LEOTA,MORRISSEY,Pennsylvania,PA,Allentown,18101
GALE,LIBBY,California,CA,SimiValley,93065
JUANITA,LOCKETT,Oklahoma,OR,Salem,97309
ELVIS,DWYER,California,CA,SanFrancisco,94188
GALE,CHAPPELL,Iowa,IA,CedarRapids,52401
PERLA,RICHARDS,California,CA,CostaMesa,92628
ELIZABETH,SKIDMORE,Florida,FL,Hialeah,33010
SHEREE,NEWCOMB,Texas,TX,Mesquite,75149
MERLE,SHEPPARD,California,CA,GardenGrove,92842
OMER,MACON,Georgia,GA,Savannah,31402
STACEY,ROSEN,Arizona,AZ,Chandler,85225
MICHALE,ENNIS,California,CA,SanFrancisco,94188
WINNIE,COPE,Florida,FL,Gainesville,32601
MILO,SHANNON,Connecticut,CT,Bridgeport,6602
VALORIE,BEACH,Virginia,VA,Richmond,23232
MARNIE,PARSON,Nevada,NV,NorthLasVegas,89030
ARNULFO,FELTON,Wisconsin,WI,Milwaukee,53203
CHRYSTAL,GIPSON,Texas,TX,Garland,75040
TRINIDAD,ROMERO,California,CA,HuntingtonBeach,92647
ZELMA,ZARATE,Texas,TX,Beaumont,77707
DAYNA,WILEY,NewYork,NY,Rochester,14692
MARILYN,HAWTHORNE,Florida,FL,Orlando,32802
LEEANN,DENNIS,Illinois,IL,Springfield,62703
PRUDENCE,LUCAS,Arizona,AZ,Gilberttown,85296
CARA,WILKINS,California,CA,Lancaster,93534
GRANT,STATON,California,CA,ThousandOaks,91362
PHILIP,DUNAWAY,Kansas,KS,OverlandPark,66204
DANNA,HARTLEY,Virginia,VA,Hampton,23607
FEDERICO,ELLER,Michigan,MI,SterlingHeights,48311
DARCY,MAXWELL,Minnesota,MN,Minneapolis,55401
BETHANY,CAGLE,Michigan,MI,Flint,48502
MARLENE,LARSON,Ohio,OH,Cleveland,44101
CLARISSA,COLSON,California,CA,Hayward,94544
DANIELLE,BURKETT,Washington,WA,Bellevue,98009
LADONNA,BURKS,California,CA,Anaheim,92803
MERRY,BOWIE,California,CA,ElkGrove,95624
TORY,GUY,Alabama,AL,Montgomery,36119
SUMMER,MARCUS,Connecticut,CT,Waterbury,6702
LISETTE,LONDON,Texas,TX,Arlington,76004
UNA,ATWELL,California,CA,Oceanside,92054
MOHAMMAD,LOGAN,Washington,WA,Tacoma,98413
JANNETTE,ISAAC,Oklahoma,OR,Portland,97208
CARLA,PEARCE,California,CA,Anaheim,92803
REYNALDO,NGUYEN,Florida,FL,PompanoBeach,33060
STEFAN,THACKER,Kansas,KS,KansasCity,66106
LYNDSEY,COSBY,Tennessee,TN,Chattanooga,37421
GISELLE,STROTHER,California,CA,Stockton,95208
AMOS,METZ,Connecticut,CT,Waterbury,6702
JOHNNIE,HUFF,California,CA,Modesto,95350
EFFIE,HUNDLEY,Texas,TX,Abilene,79604
MARITA,SMALLWOOD,Nebraska,NE,Lincoln,68501
BRIANNE,ESCOBAR,NewYork,NY,Buffalo,14240
TYSON,STROTHER,NewJersey,NJ,Newark,7102
MAXIE,NEWBY,California,CA,Riverside,92507
CAROLINA,ODONNELL,California,CA,Lancaster,93534
GEORGIA,POTTER,Texas,TX,McAllen,78501
TIFFANY,COSBY,Illinois,IL,Springfield,62703
HERSCHEL,FERRELL,Texas,TX,Dallas,75260
HOLLIS,ADAM,Connecticut,CT,Hartford,6101
ETHAN,CHOW,Nebraska,NE,Lincoln,68501
JESSE,KIM,Colorado,CO,ColoradoSprings,80903
VIOLETA,SHIRLEY,Texas,TX,ElPaso,79910
ELISABETH,MOSS,North Carolina,NC,Fayetteville,28302
FLETCHER,STCLAIR,Virginia,VA,Hampton,23607
BERNIE,OLSON,Florida,FL,Tallahassee,32301
PATTI,PIKE,Washington,WA,Bellevue,98009
MOSES,PALACIOS,Indiana,IN,Evansville,47708
FRANCIS,HOBSON,Virginia,VA,Norfolk,23707
MITCH,READ,California,CA,LosAngeles,90052
MONTE,WINTER,Tennessee,TN,Nashville-Davidson6,37230
JULIA,RICKETTS,Connecticut,CT,NewHaven,6511
KIMBERLEY,GILLIS,NewJersey,NJ,JerseyCity,7302
RAY,ONEAL,Colorado,CO,FortCollins,80525
LOTTIE,LEAL,Texas,TX,Brownsville,78520
JULIAN,NORTH,Texas,TX,Carrollton,75006
PRESTON,ONEAL,Virginia,VA,VirginiaBeach,23450
FAUSTINO,BARTLEY,California,CA,HuntingtonBeach,92647
LEONEL,HAN,California,CA,Pasadena,91103
JESSICA,WILLIS,Florida,FL,Tampa,33630
TARYN,DYKES,Washington,WA,Tacoma,98413
VALENTINE,WALTON,Wisconsin,WI,Milwaukee,53203
IRVING,EMERSON,Oklahoma,OR,Portland,97208
TOBY,TRUJILLO,Nevada,NV,Henderson,89015
ADOLPH,WALTERS,Massachusetts,MA,Springfield,1101
CARROLL,HOFF,Connecticut,CT,Hartford,6101
HERMINIA,LINDLEY,Texas,TX,McAllen,78501
SON,EASLEY,Louisiana,LA,BatonRouge,70826
EDGAR,CURRAN,Texas,TX,Brownsville,78520
